col,revenue
1,511215991.18087757
2,460519906.5981282
3,813650369.5262219
4,234008989.29475734
5,180164491.72635275
6,156483245.10289577
7,148463020.4946555
8,13586199.922254961
9,131114538.2412676
11,715436514.3767279
12,192754375.3215659
13,111647021.95280166
14,72470287.64564781
18,404627875.3099196
23,201834152.7031785
24,61959513.76461956
27,289383099.3394634
29,19577649.037823834
30,130109505.36113554
33,208513160.32687327
34,57030015.51164874
35,61004798.73433624
41,97727039.86522155
42,261689063.5243145
43,54350019.36554697
44,170369585.76606876
45,8243802.816901408
47,206119585.11232308
49,25166518.63252425
53,1230968.1086095169
54,20272607.092346936
56,465975799.0869365
58,19801064.942593373
59,112430121.23244236
60,197917392.60438403
64,105875210.54303302
68,824169226.830517
69,480996263.0870199
70,56666220.2160772
76,12768216.154472675
79,174684118.1162947
80,307182852.38287437
81,57320000.0285112
82,119226691.39183672
83,32128192.970170338
84,279376709.1877368
85,222056195.7032101
86,279376709.1877368
94,1591502.9258521625
97,116749112.68201421
98,24776700.59727369
104,175509697.49750435
105,29857206.150775976
119,43547.06198998098
120,19773986.486486483
125,19218740.293380324
126,101142485.0246788
127,60577523.00461273
129,165061172.6964514
130,847660057.5444397
134,51844345.5098537
138,5263402.609606523
145,57030015.51164874
146,71697470.02686632
149,15141781.610712823
152,280154130.229815
158,144526905.47928277
159,70506244.63457721
168,83447811.24497992
171,162641322.9950026
172,163389621.00170904
174,510237522.80609256
175,163611574.131365
178,31837254.582906388
181,40129891.725170806
183,19236347.571587924
186,32559521.74132653
191,18606038.698550094
194,284734708.74693877
195,284734708.74693877
201,34451570.35999642
205,349497535.6809944
206,11893689.037151657
208,68544058.20867895
212,278188.28488223575
213,37137578.683386825
214,73553102.52764976
215,76566657.5270521
216,143056177.31137267
219,106061325.09086686
222,5025650.747388059
225,4755166.051693939
235,37029753.0892021
236,2105825.459685744
238,3069111.3938443665
245,69720364.88268849
246,27703233.10416898
247,419829.34402887133
248,208286792.06278214
254,694904.762620678
255,9092953.352602083
258,115326732.4390197
261,3594190.378911129
262,121001586.53846152
264,156970111.31738663
271,419829.34402887133
278,9070058.853997165
279,1892002.006993865
280,49448.33062989997
282,639220490.4867347
283,639220490.4867347
284,71784162.00774717
285,13526000.566604244
286,136773211.96472389
288,30485587.07114395
289,200211909.71749687
290,79972032.73555687
291,45850591.28053075
294,5844874.518263176
297,181051342.58825862
306,194727881.98325253
307,37548603.73499139
308,49742710.036917515
310,36494078.3775744
313,131497.62333503502
315,25130436.525523048
316,156576343.6495547
321,226868.33385560423
323,47936661.37944444
328,556153.7141386039
333,311392935.6125888
335,458048882.31091106
336,101616319.44444443
337,101616319.44444443
342,240551654.84632882
345,433425.580827811
347,206597355.31494054
348,317218436.60165316
354,53709941.93146417
355,3885667.8351746253
356,63176710.04438716
358,30759700.5570427
359,30759700.5570427
364,2002657.3905109488
365,88535729.62768824
368,93515700.79440217
370,418286959.5015576
371,65616018.07710243
373,33243590.316459622
376,15625639.501390621
379,5783351.156809815
381,815836727.8009535
382,815836727.8009535
383,754213.7428571427
384,103426230.7433371
385,284734708.74693877
388,104441933.08550185
393,10048494.354233127
394,10048494.354233127
395,10048494.354233127
396,194889945.22286603
398,23825942.191711955
399,23825942.191711955
407,42007894.7368421
414,136045085.26957026
415,126732843.25591516
417,6075247.359735972
418,236351823.52941173
420,820708556.644167
421,199707781.29555318
427,73033395.99860442
429,506148257.8613501
430,227476158.92931867
431,374019346.3864568
432,345978341.3867895
433,266766357.27859074
434,345978341.3867895
435,627779227.1434067
436,455743769.94529366
437,866674438.141715
438,54139561.314941265
441,156781820.49862275
443,197484524.27132857
444,230056283.60166442
445,666834675.4391121
446,1415457.5677735372
449,192361195.17819938
450,162126864.48835406
455,5727958.316845209
463,307477612.8200762
467,134941413.41366053
469,56683823.507107206
470,113311662.24163732
472,113311662.24163732
473,113311662.24163732
474,113311662.24163732
476,123206127.30279502
477,172504488.39785066
484,87565153.77516177
485,55192877.18872102
486,11456283.47906926
491,186030135.46174344
494,89356643.89341186
496,63909512.64244292
497,118286319.72146675
498,69232360.8907322
500,47913275.727690436
502,161764165.88008797
506,133106789.56193116
507,368766492.1530935
508,147980432.99149188
514,77621465.08553833
516,28883911.760813694
521,524681870.5987161
528,54248572.606488444
537,78339770.5544933
538,101992942.94443254
539,55624138.38046895
540,30751115.593512163
541,6230492.726355421
542,11589807.316545585
543,6230492.726355421
545,92932549.51055023
546,5481217.45079407
547,5481217.45079407
551,60731669.70122984
552,164945440.50902003
553,24617567.327913303
558,100078911.91709845
559,143692225.99096584
561,5481217.45079407
562,208555395.5639631
567,193615.08175328493
571,256073124.99999997
582,28804625.98425197
584,30040745.033112578
591,72172588.90638398
594,18570080.481632654
596,18570080.481632654
598,375499988.9157665
599,351100312.7252252
603,5025650.747388059
608,14188.221731907604
611,593219594.5945946
614,29187737.38571428
616,60697825.84820221
620,32610283.155102037
634,15000704.735174622
635,18564629.075817123
636,33243590.316459622
637,33243590.316459622
644,180716298.43443334
646,297415210.61320984
648,3846593.454244677
651,58501622.84447791
652,58501622.84447791
655,168305337.4018776
656,44451075.51074076
657,24611635.545918368
659,7332962.882142856
660,7332962.882142856
662,11695320.63197026
664,161764165.88008797
675,96873038.80707508
682,374087981.0447545
684,2939.6528114630596
686,255604715.00370222
688,19577649.037823834
689,91584379.70244579
690,91584379.70244579
691,158024404.44679722
693,4343127.4413043475
694,72753284.76055878
698,51906238.93843985
702,27913263.169762995
703,1717923.3703189106
705,143836777.25027117
707,4634361.352886414
711,138101373.2799871
718,186945702.67131242
720,1892002.006993865
722,122603798.30483736
724,124004142.08861068
726,9680270.681953164
729,44327094.267630786
732,6340802.481072817
735,353051836.4943633
737,52537906.746661425
738,1217673.795219147
744,1050636.6411560467
746,149840158.30185428
748,297351506.75943017
753,172094608.382806
762,101002303.5345865
763,48349657.13926502
764,27913263.169762995
765,27913263.169762995
766,582988486.150806
768,115274720.2768898
769,158290400.24285713
771,22689516.76365848
773,44636356.856509596
774,108095031.08310875
780,243119375.54587808
784,21819262.175940964
787,68305529.22401512
788,75989714.80110386
798,45320387.603978574
802,33642207.37332677
805,2452958.280735137
806,5171021.868851999
813,21942165.709894575
816,36162714.76667291
817,162004954.08917046
824,333439983.33932024
826,26432540.248963803
827,31657426.40745007
829,111597538.2696714
830,100687793.91011262
831,113853736.63258834
834,6931232.652863383
838,79401899.19075729
839,30751115.593512163
840,127900127.50030605
846,27474802.14980965
850,19275054.80731577
855,3069111.3938443665
856,13355198.259346036
859,1673685.6202071935
862,131923448.86208652
863,379907.5483102918
864,379907.5483102918
866,65512706.86159923
867,83114063.75526905
870,277714420.8362658
877,167480228.47935414
879,27506702.968129955
882,46181591.61488276
884,70561086.95652173
886,2680217.840127051
890,62803794.75214175
892,59630317.90829016
893,366573358.3246925
898,67147914.06044708
902,173805938.84503105
903,340593113.0169203
904,173805938.84503105
905,173805938.84503105
906,58636912.87976935
907,200089675.5962046
908,48836248.33730061
915,101234025.19237944
916,204071117.86748686
919,240135743.9151474
921,13833591.980341647
922,7087191.787421713
923,432122297.5867127
924,42866106.08702454
925,78562591.8523938
927,76409462.92661145
932,127020925.39012785
938,269634.23881987575
939,169813381.9807582
946,35669007.18248848
961,294450429.44785273
964,9712204.431778168
965,19542256.412969373
966,103758007.81295164
972,101855799.3237287
973,106482541.57981367
987,248843247.65056366
991,73033395.99860442
995,97856476.7916149
1001,36168633.57340328
1003,5582742.80501339
1011,2149787.104735202
1012,37739850.17653675
1013,37739850.17653675
1023,93984454.02823529
1030,5796701.339709844
1038,61211666.87241904
1039,52995900.91080056
1040,52995900.91080056
1047,7528929.004591532
1049,3216401.725856146
1062,18813240.175100617
1063,18813240.175100617
1064,18813240.175100617
1072,53154749.533685535
1073,184673912.3611693
1075,104174377.21326086
1076,45765929.39428403
1079,193615.08175328493
1088,107450080.60422885
1092,641214.0064036577
1094,44748822.35603949
1095,23003341.25122708
1096,44748822.35603949
1097,44748822.35603949
1098,44748822.35603949
1115,31511280.120431826
1130,475499.9135462555
1143,66657488.89496234
1153,109556954.98571727
1155,164293330.95830587
1163,30527842.71812905
1171,59787758.32155625
1172,17820624.683748778
1173,17364803.55491551
1174,160484011.39701185
1176,60373356.176058695
1181,2745881.368645035
1183,7281202.537116564
1187,169647413.8934092
1194,15603052.141073618
1195,15603052.141073618
1202,130472288.55513185
1204,81741446.2750744
1205,25570104.06821052
1208,17008118.363538343
1212,57563902.0742916
1216,75046265.2672642
1219,12311366.475358112
1221,10131594.66639004
1224,44939064.566676944
1225,249614237.65262142
1236,53281787.200931355
1246,55933038.98505377
1256,56781289.27083734
1260,1395499.8391119367
1267,9114945.735312955
1268,27471889.6702066
1271,232394387.69812742
1272,49576283.74801482
1274,106701431.71688814
1280,158724731.35129094
1296,429694578.12416357
1301,528676059.7317484
1302,192641054.59226537
1309,60577523.00461273
1311,955997.3257140866
1312,125888652.91631444
1314,17851184.672138043
1315,90830879.46036129
1316,109435969.29460578
1317,109435969.29460578
1326,53675.49798115747
1340,49571412.568567514
1360,44618.425886010926
1373,237352.71768642444
1380,5062098.669928211
1382,155935954.31542385
1393,48661012.359363675
1403,30784130.424875088
1420,2198996.5536617683
1422,10903288.739239413
1423,165368317.21432784
1424,4163333.170326177
1432,346308416.6666666
1436,128913.8258777371
1444,40112738.890470386
1450,53931903.12637096
1460,41364818.656716414
1464,71820969.86110428
1466,7182411.302752975
1468,34796186.23471774
1470,50048440.94997282
1471,50048440.94997282
1472,29837008.606394906
1474,80283.38214285714
1483,30086303.91266871
1497,21024066.091954023
1504,61994500.449927665
1508,75600753.96868919
1512,4306481.033132227
1522,89646507.71241951
1527,53709941.93146417
1531,336944.11635672016
1533,5865731.78519323
1553,125423571.42857142
1554,26715394.19087136
1555,101556706.77405423
1556,78339770.5544933
1557,14026307.140229955
1560,103588884.40171368
1565,206151414.81748903
1566,41154650.6698773
1567,544138.0342609489
1569,32191916.447123017
1581,65354008.94202453
1582,13198816.895883534
1591,16968067.508982986
1596,651127.5122448979
1600,275038385.84657377
1607,236298933.21186146
1608,472496376.7828397
1610,4173713.678891336
1618,1695120.503401984
1632,65649966.65803847
1644,109126738.42985411
1645,243984448.74908426
1648,9238356.465805706
1650,117378.38378378378
1656,317218436.60165316
1660,2415909.6446601935
1683,89226693.1936607
1684,264809706.0720708
1685,169723561.55969387
1687,35669007.18248848
1688,35669007.18248848
1689,35669007.18248848
1690,35669007.18248848
1691,35669007.18248848
1692,35669007.18248848
1693,155541199.8755102
1694,564440830.3034792
1704,31312816.66937757
1708,27506702.968129955
1741,296522.68722466956
1747,3505674.0599710788
1755,48845538.55936748
1756,28146900.34778152
1757,187268797.70955276
1760,25130436.525523048
1765,20555730.92434782
1766,56781289.27083734
1778,249623781.89652202
1783,93941492.62142856
1785,35781968.729583845
1786,106345840.00219563
1804,6468967.146054223
1809,15027191.677876597
1810,15027191.677876597
1811,125983721.42926146
1819,38634323.43234323
1824,144987469.99974024
1830,757954960.976933
1836,57113552.96246853
1838,158405029.24910587
1840,1067365.0822836661
1848,15123037.482501404
1854,6026600.954658385
1861,16158285.31892361
1865,1396123629.3876395
1867,473880686.940974
1869,2888009.4795918367
1872,2510057.655753199
1880,52007281.73999729
1885,134411978.41756994
1892,50624448.87919431
1894,78956918.59063937
1897,9880.499727417506
1898,10634695.32052905
1917,11869575.815079363
1926,20659674.205655325
1930,3218812.8464718456
1947,37294559.396504484
1950,16297070.379748292
1951,111352132.31979553
1953,76388092.48375912
1962,1016206.2439833704
1965,139142.55688622754
1972,166321697.14600554
1974,750901.5632044065
1975,28733257.004347503
1978,884252.5406207826
1980,359602222.22222215
1984,5857074.86641791
1988,10731577.955815522
1992,173601698.56129882
1997,27915363.42267847
2007,53914341.624942616
2008,327144711.3158046
2030,81817526.88172041
2046,1402615.8639384918
2054,45159970.23497482
2061,114656853.80491877
2070,264496646.26744285
2087,97079861.58880341
2088,20863476.167294446
2089,41697063.558999136
2092,190767821.8142663
2106,126740354.33070865
2108,253778.50661625707
2116,81741446.2750744
2124,404785515.3464246
2130,25471729.807904463
2140,378001683.28423744
2150,489200.8457524283
2154,127371917.06321077
2157,70691299.26210956
2159,39433782.483156875
2167,1143928.128921011
2173,109341751.77383682
2179,116104672.63705103
2184,135039497.3357303
2188,84625802.25186045
2200,475177850.6195652
2201,13179551.567313803
2214,136987216.19375682
2217,272906.5972207517
2221,1390048.2033784469
2226,47597.084027777775
2231,327396683.1363803
2233,89974176.37843071
2234,70552753.45829768
2235,178724072.83835122
2236,21813915.472792383
2245,46578189.65766704
2246,46578189.65766704
2248,22223927.464335315
2251,323419363.69457173
2253,66420071.145894065
2254,2452958.280735137
2265,10548206.459767072
2266,69630427.10121834
2268,12578023.460061204
2269,58017338.11851875
2273,58769343.41939886
2274,58769343.41939886
2293,35706035.04200882
2299,103426230.7433371
2300,207582243.68765062
2301,15619785.061906934
2307,1257860.1464146746
2308,210618732.26271203
2315,3970026.192236025
2320,42362695.26317046
2322,18036042.936994366
2324,47597.084027777775
2335,26418144.441422444
2341,73427.13718438905
2343,19892625.742176265
2345,19331369.321251217
2348,274396266.43560517
2355,72302157.41225156
2361,780768.7251346278
2363,68331932.80133067
2364,98903536.2680243
2370,29457538.929005943
2372,1217673.795219147
2373,16621001.036160715
2376,46940749.844939455
2377,112304414.5428298
2378,205000679.6863025
2394,35669919.113150865
2395,17049487.205239493
2397,44153738.46880907
2406,25130436.525523048
2427,353334.9563924402
2428,33378689.212664034
2435,40291164.61890023
2441,5733963.028618576
2448,31257824.659268387
2452,25107030.40886709
2453,15492588.67125463
2455,274587545.1832557
2481,411125249.31102896
2484,52280920.343367346
2506,5647423.417614375
2510,38013567.98682601
2514,65295683.33828375
2521,26069875.315242898
2526,7722.241808574115
2527,141225438.78526056
2531,364170880.5304799
2532,78107246.62162162
2537,368306959.67560893
2550,504651764.4756889
2554,3075027.2834579437
2561,5350625.250091241
2563,25166518.63252425
2570,14635.450963053267
2575,27498741.23002845
2577,173601698.56129882
2596,253052580.5742427
2598,57624262.727718554
2600,3703296.9279108974
2604,103533742.60021707
2605,74150778.69418867
2608,216556439.93392044
2609,171101797.65234977
2612,58222.01410792185
2617,52668827.213464335
2646,200705385.8611607
2648,86711520.66972475
2649,1024995.6859423585
2662,72670067.47638325
2674,90298010.69963408
2683,11628735.42261278
2689,17948202.220150206
2690,6939730.657660069
2695,8481443.188678527
2721,625882243.4913265
2723,132159884.73179598
2724,116104672.63705103
2725,116104672.63705103
2726,98764.7855811761
2735,268285181.48489416
2739,669022.2984971688
2740,610587.6516452406
2743,669022.2984971688
2752,103910405.72599845
2753,168219015.74803147
2755,8975412.668714797
2756,435498.51190476184
2760,185467.13211382114
2761,244591.1978235324
2763,48595671.31016304
2767,152163136.77788973
2773,7748858.359052408
2779,34137658.8616199
2780,76110920.40564641
2783,199767.77950526754
2785,34447965.48373792
2787,129320681.60209192
2795,222558371.66939148
2796,154937370.23784503
2798,64295490.52035967
2811,56084283.53504645
2812,126282934.37229013
2814,28263893.55871015
2818,435498.51190476184
2854,435498.51190476184
2865,1282801.4526000519
2875,33751079.13485526
2877,8812362.997287579
2882,109837886.51304348
2885,112340896.07813708
2890,16155024.030831508
2900,34986281.82062024
2902,58060204.55214911
2923,39574342.18402886
2924,39574342.18402886
2927,35785451.628764264
2938,171877.4690383546
2951,32281.11198774771
2956,103466346.15624999
2957,28855676.926161706
2959,47597.084027777775
2960,47597.084027777775
2965,10674848.675787412
2978,8975412.668714797
2979,8975412.668714797
2980,82186806.03471561
2981,8975412.668714797
2982,93664275.48842216
2989,272906.5972207517
2990,272906.5972207517
2994,417319249.39766234
2995,299374259.9276333
2997,80283.38214285714
2998,15648438.173271887
3033,23669791.076397803
3034,109308781.99121757
3036,937713152.1153309
3041,36467912.77258566
3045,225077871.92229897
3046,18016591.372823328
3068,7720122.01781874
3078,15607024.129014596
3080,16168166.21903085
3086,99606690.31452748
3088,35357946.09665427
3095,478138.6666650155
3096,84039877.46680348
3102,15258877.128697183
3107,310734.39488863805
3110,24190419.316934027
3116,21528939.318457913
3118,8247112.9355178345
3132,20659674.205655325
3135,35346668.99287182
3144,1124218.4643364567
3145,8723710.881608393
3146,18016591.372823328
3155,90654.20267832588
3164,78339770.5544933
3166,559493818.5195584
3167,21325935.76036245
3169,271569807.41160774
3170,39514556.12951558
3171,69145588.7130459
3172,138834899.4788867
3179,43547.06198998098
3194,125004181.73942022
3196,158290400.24285713
3207,70138415.62024266
3219,95057025.29683746
3221,37636199.09056119
3223,8611384.172671238
3241,25839578.37301587
3245,2700068.2732405793
3249,47936661.37944444
3263,101552575.63328278
3267,14791102.825063398
3268,209430865.3500662
3272,8389075.474650059
3280,8323939.195679013
3281,280503481.4814224
3287,116868525.02378836
3291,24254518.283616647
3298,42663002.05611984
3313,15619785.061906934
3314,67790241.9415298
3316,13313988.897579437
3317,13313988.897579437
3318,13313988.897579437
3319,519477.814846983
3324,257575.48864692217
3334,14214565.770397056
3341,520611376.0948595
3344,27198420.07434944
3353,6888084.060209976
3359,8013912.6229411755
3360,2264999.4218898886
3361,2264999.4218898886
3362,2264999.4218898886
3363,48661012.359363675
3364,2264999.4218898886
3365,2264999.4218898886
3391,14188.221731907604
3393,69418305.25954342
3407,6401030.287726841
3416,4412.883655496224
3418,43282657.15004562
3423,51836971.04123026
3434,28904197.530864198
3444,166696.22292940522
3445,166696.22292940522
3446,166696.22292940522
3451,8012686.471354591
3466,36467912.77258566
3467,5848378.647874073
3468,43637145.16728625
3470,64682163.315969154
3475,178720751.5325736
3476,178720751.5325736
3480,12184108.350093456
3490,18910.901765725583
3492,13202910.605825545
3495,103099647.14613618
3519,11869575.815079363
3527,455167281.0612878
3528,164106139.12802702
3538,184923707.00208402
3539,3693826.6647581984
3553,2707324.413084922
3564,4845977.754662698
3567,37152812.98717357
3574,267870.3929632323
3576,23533436.82915868
3579,17670515.506054256
3589,10558277.628909657
3592,352094497.5576903
3595,8864.849473675318
3603,20665878.727276206
3604,3670414.4813742354
3618,6468967.146054223
3627,235299661.5357143
3631,34085535.33707207
3632,121001586.53846152
3635,23572501.73876767
3643,36066.63732394366
3644,4719705.787096385
3645,828074780.3163444
3652,8841088.069636455
3653,38573989.64842563
3656,25098807.2110089
3659,7519075.119716953
3661,15087901.70132325
3672,163818161.79388025
3681,5925233.274647887
3714,228984.1810035842
3741,64094095.57481865
3748,6492717.346220253
3768,44618.425886010926
3782,608081.5696197306
3801,31657426.40745007
3812,212182996.99233696
3823,120882805.14581037
3826,25935661.55780413
3829,29040.54990464081
3851,66497858.1179478
3855,78956918.59063937
3856,78956918.59063937
3899,5925233.274647887
3907,160167149.47981307
3916,5386727.619965251
3921,29799.2792500116
3929,97853935.6964953
3930,23963666.297899768
3952,220748060.98171315
3960,2092659.8715926183
3982,80589005.04697552
3984,572623.0112209549
3986,64085839.803575344
3987,64085839.803575344
4000,503970231.05298626
4016,864941.6376284875
4022,53746661.13936974
4024,51157689.97589514
4051,5092683.429291553
4054,78674625.40083633
4059,1170127.1431475028
4063,6015.123529411764
4077,44706009.19720496
4096,3587880.992794426
4098,32974899.75059905
4105,21792281.89120735
4107,165582.24906832297
4108,19296387.125438597
4109,20665878.727276206
4110,33949039.16144109
4135,13989054.591616077
4143,16547027.672049688
4145,56150114.47375044
4154,11252119.495247358
4169,132636278.52370155
4171,180016302.39303818
4176,131497.62333503502
4186,37739850.17653675
4194,152665057.6572638
4198,176068752.33469388
4205,29886130.681506827
4226,1609223.9556813042
4228,368997.88913690473
4234,118641955.72070467
4247,25130436.525523048
4248,81396379.47250412
4250,32974899.75059905
4253,8264868.384038781
4255,33463334.072537173
4258,139259198.07443473
4279,24137052.103869047
4285,133745866.60621119
4288,52820926.31717562
4297,1282801.4526000519
4298,1282801.4526000519
4319,21797088.74273077
4342,48305141.63568025
4351,27477127.77717742
4354,105126973.8740276
4357,66707332.44322183
4364,82833318.81572874
4367,5028105.717676486
4376,75983189.16771472
4391,850470.7677937446
4392,850470.7677937446
4394,6931232.652863383
4436,19828467.49865519
4448,59321959.45945945
4463,3613748.295289298
4503,9518713.585630115
4508,19331369.321251217
4527,2026378.6218145161
4564,44555819.96687905
4570,235299661.5357143
4573,65171.14827900852
4592,70600.32111017352
4596,21648.986881600886
4606,38560240.106213994
4607,166213753.19891772
4616,116200.45874079209
4621,356393.3999633344
4624,62391.98022526323
4636,294300.87774770963
4641,53497915.76260717
4645,1782650.9294176707
4649,95057025.29683746
4650,24611635.545918368
4651,78526645.60597949
4654,40291164.61890023
4657,54139561.314941265
4673,158290400.24285713
4700,40181918.22229965
4716,37598.03819444444
4717,37598.03819444444
4740,100536753.17767711
4764,220748060.98171315
4792,970525.9603397108
4804,2092942.7909090908
4808,7281202.537116564
4811,5650738.887938462
4887,433425.580827811
4904,258532646.3958333
4908,21819262.175940964
4921,19317161.716171615
4922,19317161.716171615
4928,351100312.7252252
4959,7519075.119716953
4988,183921670.63856846
4989,105127287.23636363
5016,6931232.652863383
5056,1390048.2033784469
5067,9886993.243243242
5073,11865996.122205112
5076,60697825.84820221
5084,18415401.44995995
5093,39433782.483156875
5113,741531.312720981
5120,11887197.850810014
5125,952753.1276611922
5133,1342109.3664012915
5162,2928985.0624565114
5163,81847420.25851019
5186,118309350.31392866
5214,346308416.6666666
5218,952872111.190691
5219,505051469.7240081
5227,27506702.968129955
5229,260868501.87265915
5233,18252739.991027184
5237,726819054.8915944
5241,5582742.80501339
5263,58330142.32055458
5264,38122880.76689182
5267,3733265.6230487637
5277,950153.2333333332
5278,950153.2333333332
5289,136530763.4832919
5306,14021706.639351428
5316,315436526.94610775
5337,3661540.103965863
5338,3661540.103965863
5353,9857887.013483176
5357,9625576.262816988
5358,72731382.51140468
5372,145729216.60053352
5374,141832099.69939387
5379,19959007.704661664
5380,19959007.704661664
5381,19959007.704661664
5383,19959007.704661664
5387,1829555.9450339868
5388,27552423.55206919
5391,130229391.57162456
5399,56158771.66535275
5404,43547.06198998098
5406,4618525.053572828
5420,85743083.58196
5441,21585755.070342675
5444,27785170.655398116
5490,62036017.33587251
5511,36467912.77258566
5521,6026600.954658385
5528,14042293.727647057
5533,70197652.02702701
5542,36467912.77258566
5545,1673685.6202071935
5570,4530613.296088709
5612,82382348.82702741
5630,7440419.300770394
5635,480277051.1186346
5644,4634361.352886414
5654,20735180.296363704
5659,50318997.30422427
5677,28883158.541590232
5679,9754882.149270646
5682,407845722.8354002
5705,4634361.352886414
5706,7722.241808574115
5716,15416846.921952855
5723,1845.4487094184763
5726,45524238.152411
5738,137682791.49636573
5747,91389810.46027024
5751,23417317.679963496
5752,296399720.4283828
5755,270341962.60247815
5766,6952693.0350186825
5830,3670414.4813742354
5841,1379722.3815616798
5842,74217424.17865813
5848,274625649.0649064
5850,1124218.4643364567
5855,4114719.422075063
5860,1007090.700148702
5870,31417774.591748156
5888,442032857.1335052
5896,93890740.68672995
5897,69124345.1809711
5955,58916444.100433804
5975,6442232.32747551
5996,43547.06198998098
6024,28099026.479067396
6032,850629.4099409448
6033,178844722.2222222
6068,65884.44506075875
6092,7293942.801020407
6111,131497.62333503502
6116,4523304.71007023
6125,924506099.9981096
6127,136987216.19375682
6179,76579428.18782482
6189,45302794.707331285
6194,189384701.84753382
6196,475499.9135462555
6197,475499.9135462555
6233,13687310.451604173
6234,13687310.451604173
6235,652672.0185484875
6237,2089865.1261941066
6246,33839899.28762429
6277,258700307.43812624
6301,148385014.12588954
6302,185478643.4674511
6303,236620.8581349206
6304,117734770.11494252
6313,28476964.703709677
6320,26552300.376367714
6332,133853098.76105334
6345,1845.4487094184763
6346,272906.5972207517
6354,357982219.41856927
6362,25839578.37301587
6363,198117211.04599556
6370,21399853.029914673
6371,1562171.012882012
6401,75600753.96868919
6402,177488731.578213
6407,13198816.895883534
6408,4937729.842941176
6417,14534215.334734008
6422,25048399.46530837
6452,413930187.999078
6453,3646099.008204949
6455,51341171.27465413
6461,8481443.188678527
6476,19218740.293380324
6477,9895681.65230064
6485,7242403.333113069
6505,379907.5483102918
6531,2821361.5641315356
6538,2745881.368645035
6542,30629528.868531708
6556,190767821.8142663
6562,21948950.389385454
6572,12722818.318642916
6573,21360542.23612228
6574,52744898.099570744
6586,79816815.76958779
6623,8264868.384038781
6633,4768407.293510685
6638,25959957.90185283
6639,16203558.946379997
6643,11195677.123182861
6644,12562618.852406237
6663,58222.01410792185
6666,93838556.37783743
6667,23418299.42748124
6680,182728772.71100083
6687,69124345.1809711
6691,23372613.16783303
6692,773876.4831532957
6693,166179.98174780788
6705,47840161.39227066
6716,952753.1276611922
6724,1295511.2753211965
6733,296399720.4283828
6734,84637466.7711775
6735,49172935.99070363
6736,45796892.62114828
6752,76579428.18782482
6780,33363553.17859288
6781,7547409.567198905
6819,2275996.959336897
6822,48323843.68677663
6847,46578189.65766704
6877,62833960.922661945
6896,74388611.41980302
6901,1221245.3846852838
6916,2793632.851818195
6930,17045820.507604282
6938,100844.75229889127
6971,5872960.9798771115
6984,4634361.352886414
6999,14031453.742496802
7025,18043024.95028518
7034,356393.3999633344
7035,12562618.852406237
7036,33204875.72772998
7038,554869361.4824686
7049,2002657.3905109488
7057,509111.5448913043
7058,509111.5448913043
7076,178071081.5018047
7110,64195290.322580636
7116,33751079.13485526
7125,16105312.396815494
7131,8481443.188678527
7135,45508515.205620825
7141,38403258.4627808
7142,7918445.261767617
7151,5189936.919873794
7154,1020629802.6024504
7161,298739851.0887561
7193,275051.8935502806
7201,15291161.867761523
7217,6030523.082716612
7218,6029107.511858771
7219,6029107.511858771
7237,24611635.545918368
7254,19331369.321251217
7258,669022.2984971688
7263,68248303.52348061
7264,18431665.31688591
7269,1309693.4377386195
7270,108991914.35054536
7274,1035436.0340692297
7275,1035436.0340692297
7276,1035436.0340692297
7281,9297983.622818215
7289,34749689.21056548
7291,60577523.00461273
7293,136662764.25850543
7294,156429279.45280632
7295,137717323.16355243
7296,147860634.46717635
7299,2197454.545924784
7307,192361195.17819938
7309,1184504.3798189263
7311,322753800.5827961
7313,131712.24900973152
7330,8405828.08413855
7333,50815253.83308817
7342,2910767.8200427485
7343,2745881.368645035
7344,2745881.368645035
7345,20552629.727149572
7346,15324023.753735617
7356,31406547.13101559
7364,2252680.5122583807
7372,289326.56877132476
7373,289326.56877132476
7374,289326.56877132476
7377,40767060.97506657
7380,170588689.92021435
7383,328129320.58039945
7384,302072278.31860214
7385,177037225.58337963
7392,99418722.65161723
7396,32519548.16890237
7400,4787240.712912166
7401,106221.39929577464
7405,107487926.72752903
7407,129197.33556653136
7415,24749821.428074706
7416,5647423.417614375
7419,54306323.25293529
7428,685999.3428972422
7429,108429479.22937663
7431,207076378.2290832
7435,1236341.0797601736
7437,25338867.11290264
7445,15076554.483937822
7446,35756390.515815705
7448,15076554.483937822
7466,20659674.205655325
7469,559143.4510245
7485,17140565.355184678
7486,20774242.460652307
7492,53817526.875708714
7493,12068622.729085129
7499,1829555.9450339868
7503,223753089.36335284
7505,307816458.2256648
7508,253055557.89473683
7513,111269757.07652847
7535,2046539.7940359404
7541,24859833.116870698
7543,65625.35199547175
7561,9632946.122404763
7571,229839017.7153743
7576,735771194.9230891
7584,20288735.531261835
7585,80964191.58017324
7588,153470586.06907865
7595,275051.8935502806
7606,69124345.1809711
7625,30657387.920318313
7627,19027507.24876522
7636,417319249.39766234
7653,5492251.762121289
7680,5144714.453663649
7692,40646527.777777776
7745,220748060.98171315
7766,554869361.4824686
7786,131586563.47436446
7788,2768858.552007433
7819,32679798.2234384
7829,166321697.14600554
7832,236351823.52941173
7839,15141781.610712823
7855,156055.56898148148
7893,100687793.91011262
7899,18564061.56097832
7912,23560919.16459533
7947,25371475.29708162
7965,79810458.41259322
7966,55937976.89466446
7975,29040.54990464081
7981,60164071.87824619
7984,4297333.557452276
7997,232384100.02469745
8000,209761633.86251017
8009,8481443.188678527
8018,554869361.4824686
8036,9346850.791814515
8046,13442885.621745152
8053,22132.01892513081
8054,22132.01892513081
8055,22132.01892513081
8056,583573.9038400323
8057,132159884.73179598
8061,76553.28866937259
8068,21978042.176929347
8073,42504621.391212724
8083,21495386.99994338
8084,21495386.99994338
8085,21495386.99994338
8087,1141354.3614461245
8088,272823.2226514744
8089,557925284.5200397
8111,229788772.64460307
8131,3885667.8351746253
8146,1482465.3703531811
8147,65295683.33828375
8151,40291164.61890023
8152,2928985.0624565114
8157,56158771.66535275
8172,14791102.825063398
8204,1024995.6859423585
8210,70561086.95652173
8263,39068021.844660185
8275,52007281.73999729
8299,24118634.508145593
8310,67147914.06044708
8403,103595395.93251567
8406,150002052.9147283
8411,169061219.9166586
8430,50093146.64286762
8444,1852113.9833851578
8504,144414715.37355787
8505,1245409.0762384469
8506,1245409.0762384469
8526,79095945.94594595
8530,115181735.99500354
8531,196612392.8551518
8532,57200740.86479812
8536,187554373.17039195
8537,105611736.18568331
8539,105071375.0721333
8582,143834277.21466002
8595,43547.06198998098
8600,35706035.04200882
8601,380767291.8224659
8649,9312618.309399478
8676,88960750.1736081
8698,129767.74887455329
8714,4041135.4980621734
8719,7265.389808362368
8724,35383595.248056866
8748,37847.48413251641
8749,37847.48413251641
8758,105907228.06938773
8759,105907228.06938773
8764,10583860.414274763
8769,53255245.21178553
8779,3807778.8104089214
8780,12000003.866318233
8789,484113283.2964479
8794,82164422.76062176
8801,42663002.05611984
8802,1671341.6723710317
8805,80964191.58017324
8807,93515700.79440217
8808,3996050.873937824
8816,285318455.379259
8818,52825017.247958265
8821,698595806.4516128
8830,66885994.90262755
8846,17568972.894176707
8848,19354588.972758263
8851,199707781.29555318
8852,60383071.72207746
8853,26613971.02503485
8870,658056719.3723024
8873,116376620.93085207
8874,18387650.43440217
8876,130472288.55513185
8881,17948202.220150206
8888,10607418.434273867
8911,31433764.320287403
8931,101883438.32241184
8992,29187737.38571428
8997,348651.68161761947
9015,3852830.277239828
9018,98870134.86747518
9037,3827504.966443452
9068,64940171.394485064
9076,508903883.5441904
9078,207409102.96468186
9111,1591502.9258521625
9118,236344721.77230132
9137,361565932.662341
9149,75607898.4810951
9168,502741166.6770395
9169,529513184.6574133
9195,139499845.96273503
9206,10058601.1342155
9209,1236364.1653206428
9210,650494.8406520291
9225,17091246.12215477
9232,156055.56898148148
9255,126740354.33070865
9269,169723561.55969387
9282,10369423.84080159
9292,3505674.0599710788
9321,12365280.360653332
9323,12365280.360653332
9324,12365280.360653332
9325,12365280.360653332
9335,46072614.17802972
9340,6013609.281224655
9341,62489223.899554774
9342,7334668.517859475
9349,34912996.02712581
9350,29627598.741638202
9351,35669919.113150865
9383,607337587.5742881
9962,25959957.90185283
9971,5144714.453663649
9974,229788772.64460307
9987,688656.3430746323
9993,624562419.9447454
9995,979711858.3419752
9996,583647368.3875877
10031,20552629.727149572
10039,267578565.354507
10046,65625.35199547175
10050,10539795.918367347
10059,34521808.86035805
10067,25494389.07065856
10086,780817.0109770331
10100,24324741.789311
10104,145762071.75942504
10105,170454915.1407018
10146,33621308.39706928
10153,32417978.16781389
10156,41079641.5395285
10158,245032187.04019025
10161,23319769.141920738
10163,154263899.28367928
10170,2742155.0854606926
10201,220795557.08647427
10207,8323939.195679013
10209,29662306.041039728
10210,127791310.17937192
10217,782660597.2721431
10221,201528107.37307715
10222,205927006.49366742
10227,581012177.078251
10229,10369423.84080159
10239,103269734.78054275
10246,162008018.67990565
10247,45611521.447503544
10253,44842298.38709677
10254,84464298.97480224
10255,1971828.3387007138
10256,448295441.5923856
10257,227560188.96440518
10258,227560188.96440518
10280,66061867.07777679
10282,206924759.7914501
10285,57109425.28891999
10288,399582260.9466018
10289,76979293.44462463
10290,15229616.095673231
10308,187985966.87808993
10309,24803099.592694297
10313,404785515.3464246
10318,2235704.963504016
10324,165737705.14918017
10330,225249836.1428151
10339,27789275.636450544
10342,43407151.968423195
10348,97948.58741565452
10351,15724673.078717796
10355,13077737.263448054
10370,13859273.62098048
10399,768772.3240589572
10405,54640050.27451275
10425,1217673.795219147
10427,66567853.53890825
10460,117378.38378378378
10462,104130027.94272958
10478,14444844.692570511
10485,8864.849473675318
10520,327144711.3158046
10531,11213223.1964684
10565,9541382.202627208
10567,84747352.90295042
10572,32010818.474429056
10573,32010818.474429056
10574,32010818.474429056
10611,8753184.507702107
10619,129913947.83826531
10677,184039565.98000917
10678,184039565.98000917
10694,99459.75565043857
10715,92750911.55159616
10720,83447811.24497992
10761,991471857.0603772
10765,78646713.32874553
10766,78646713.32874553
10807,169994169.71067858
10808,42045466.67757364
10826,20781371.67585438
10827,20781371.67585438
10828,44706009.19720496
10843,9625576.262816988
10847,3505674.0599710788
10884,324574977.16660917
10885,71292851.29618056
10887,96111463.16600542
10888,96111463.16600542
10889,134565802.91648138
10892,13861798.274976771
10893,320235882.585987
10898,15000704.735174622
10899,15000704.735174622
10900,15000704.735174622
10901,15000704.735174622
10902,15000704.735174622
10921,23669791.076397803
10932,21674295.164938696
10936,2035713.9310925475
10947,119142850.35709812
10951,20288735.531261835
10954,348651.68161761947
10956,57951485.148514844
10958,472496376.7828397
10989,406980.8081874962
11005,18910.901765725583
11006,18910.901765725583
11018,12792807.36436208
11027,165174.42393353174
11029,134052371.21339448
11030,72292055.00306924
11037,42572691.24275793
11043,10755576.315887095
11049,1845.4487094184763
11050,34484062.80953651
11051,48305141.63568025
11052,48305141.63568025
11061,1845.4487094184763
11073,158290400.24285713
11078,16547027.672049688
11080,166321697.14600554
11082,166321697.14600554
11083,166321697.14600554
11084,338653693.34205925
11092,38019054.494252495
11106,103926087.47734427
11112,11583.990843803793
11142,54264552.0385948
11152,47144901.168260016
11199,936596.0881639334
11201,16621001.036160715
11230,35534073.228135884
11231,158691686.83665487
11232,254918638.40461057
11233,254918638.40461057
11234,254918638.40461057
11238,282412037.31214345
11240,20000055.984617352
11246,219098.9105211862
11250,82186331.11098331
11262,183423032.17859584
11265,14444844.692570511
11266,14444844.692570511
11278,98503837.02886398
11300,1402615.8639384918
11301,1061547.2166982093
11305,169940049.65812662
11308,21327806.79701342
11317,64085733.13630078
11321,199707781.29555318
11337,101552575.63328278
11340,3180222.833435241
11341,122115677.88959682
11345,181025253.95070314
11351,20272607.092346936
11356,283281708.18505335
11370,69762197.51234779
11371,185467.13211382114
11391,92931519.68017428
11392,103426230.7433371
11395,473880686.940974
11397,26328245.721553855
11407,126106954.54380773
11414,12608445.493700396
11430,63751039.170619585
11431,63751039.170619585
11432,63751039.170619585
11433,27915363.42267847
11434,50108760.417465016
11440,570419753.8887752
11441,570419753.8887752
11442,570419753.8887752
11448,49362113.94534869
11449,32056892.209529854
11451,679036111.1111109
11452,679036111.1111109
11460,1641056.0747663549
11461,60551720.8068323
11462,141992700.32170647
11463,337373258.7750397
11473,79319113.19233215
11489,5445739.422736897
11493,2002657.3905109488
11496,142102166.38667664
11503,245086489.27392736
11509,30943813.150588106
11510,34432586.196954615
11517,367323.8252463203
11522,32083680.901650406
11533,19162910.928453997
11544,72302157.41225156
11545,72302157.41225156
11546,272055.3684446039
11551,669022.2984971688
11553,103426230.7433371
11558,17948202.220150206
11559,17948202.220150206
11561,19027507.24876522
11565,276489461.9316177
11579,11313981.958762886
11581,233286956.78419295
11593,114647676.73817378
11661,101984280.16368169
11665,3941850.2465130533
11667,10455208.306611888
11670,25903558.766035765
11671,158290400.24285713
11705,48191299.27010834
11715,73553102.52764976
11728,94005247.83116132
11733,124581362.324583
11736,62383978.91588141
11737,13715418.83784722
11742,114082091.19648722
11746,141097690.98501506
11747,141097690.98501506
11749,526190082.2831927
11752,32129969.125458617
11776,9625576.262816988
11779,16572302.710169729
11793,32837905.22263212
11794,32837905.22263212
11795,16572302.710169729
11796,32837905.22263212
11797,20659674.205655325
11798,32837905.22263212
11799,32837905.22263212
11800,32837905.22263212
11801,51427794.558350824
11802,45457066.75449049
11804,176709261.03583527
11819,483694.28931212274
11831,769606.6439302699
11840,29857206.150775976
11843,69972757.20350635
11846,64548618.72046657
11847,98712996.03174603
11848,30384241.4091871
11921,2197454.545924784
11929,64195290.322580636
11931,720478.5694579268
11946,36198468.72404241
11948,24751568.01634799
11954,4343127.4413043475
11955,4343127.4413043475
11956,668161727.5935044
11971,138179.61317460315
11995,116104672.63705103
12005,233286956.78419295
12006,174563401.2378817
12007,145761389.11463848
12008,233286956.78419295
12010,144987469.99974024
12018,13313988.897579437
12026,72898373.55850501
12027,93515700.79440217
12029,130566926.65192948
12032,2197454.545924784
12039,23669791.076397803
12045,720478.5694579268
12046,720478.5694579268
12047,720478.5694579268
12066,42339000.993204914
12067,106613697.38273837
12075,79555548.91527191
12087,722255804.7473277
12096,9312618.309399478
12124,178724072.83835122
12125,178724072.83835122
12126,97932319.09676795
12137,16075407.393515574
12138,16075407.393515574
12139,16075407.393515574
12141,3247777.481646222
12142,3247777.481646222
12154,2742290.4537791014
12157,169647413.8934092
12170,127697701.14085728
12178,236344721.77230132
12180,2009885.5002407746
12187,78107246.62162162
12194,30484895.83333333
12199,91305724.50099345
12200,180568562.09926352
12205,124004142.08861068
12234,98503837.02886398
12235,626501922.7613186
12236,330358463.9497498
12245,28078854.20559006
12246,122315113.63587694
12247,558002529.5472946
12248,127580465.70442393
12252,66445245.255758226
12260,78145082.29252557
12263,12184108.350093456
12269,137823299.34352276
12270,137823299.34352276
12271,137823299.34352276
12273,52509868.421052635
12275,1320175312.5
12277,472917734.96379304
12283,262716054.04077327
12288,235299661.5357143
12292,534104330.12794477
12297,21960285.315025907
12299,64069356.147271805
12306,235299661.5357143
12307,235299661.5357143
12355,10522706.476676906
12360,818840.2789518173
12365,147032931.7013075
12372,7830347.743073281
12391,173601698.56129882
12398,17091246.12215477
12402,178720751.5325736
12425,29998266.153601643
12450,26203481.884384956
12451,26203481.884384956
12466,1950976.429854129
12474,53817526.875708714
12485,297733166.79942316
12516,98712996.03174603
12539,98712996.03174603
12552,15234396.532565283
12591,39433782.483156875
12592,39433782.483156875
12621,15416846.921952855
12622,10064440.396541314
12626,122665591.2892361
12630,6297187.543509536
12646,140946010.73917034
12649,406980.8081874962
12650,406980.8081874962
12653,56158771.66535275
12654,56158771.66535275
12655,56158771.66535275
12657,32339933.615511402
12658,56158771.66535275
12696,4634361.352886414
12745,65982218.994489565
12807,17446702.710219324
12808,8363174.01275601
12883,7763619.841090519
12914,1608557.2762572193
12924,272906.5972207517
12943,105610537.13680819
12955,780817.0109770331
12966,93362547.14432867
12975,43651.95747120543
12976,44110.11383606475
12984,4297333.557452276
12987,1482465.3703531811
13020,27736.032166049084
13028,87046.01049079753
13034,4308342.804579785
13040,488877528.3256138
13184,111246452.23936968
13195,11648302.252628554
13242,535298.5932341437
13252,9394765.564809037
13282,3361768.664439946
13309,161027891.19696972
13310,84532.75844278531
13311,84532.75844278531
13358,14542.746974206348
13369,249439.1140539366
13395,19966204.98918781
13419,3985832.406431581
13444,141148545.16218486
13466,2077268.0015237222
13549,28234763.674794164
13580,10131594.66639004
13648,48348564.13745568
13649,55200695.58594868
13670,27736.032166049084
13671,25894998.239461675
13695,110177.5406573225
13721,44273425.46619718
13742,6477.731312516897
13769,209477981.97153372
13778,198276838.5109109
13796,658056719.3723024
13816,70190401.82662073
13817,23958774.867827065
13854,12311366.475358112
13855,257552.50104422888
13866,12817007.299270071
13916,57678.50531808322
13923,390761.4776999118
13945,5109389.121328996
13962,64471178.32822085
13969,433425.580827811
14024,244464637.65684047
14036,1217673.795219147
14037,1217673.795219147
14041,6710546.832006455
14063,13133402.706857963
14089,236351823.52941173
14121,32252726.53819018
14143,1950976.429854129
14149,315436526.94610775
14150,27489685.68037412
14175,231276889.6039096
14179,63773785.435492225
14180,63773785.435492225
14227,21584698.809107803
14228,522199895.8624691
14286,4618525.053572828
14310,818840.2789518173
14311,818840.2789518173
14315,106535904.76274626
14373,111897499.99999999
14384,109420974.2660448
14440,145188644.98049155
14459,296304.54528409586
14577,374087981.0447545
14581,4571970.410741038
14589,26218611.351684086
14634,1295511.2753211965
14635,1295511.2753211965
14636,1295511.2753211965
14637,650385.6219173495
14638,22209045.737457648
14652,18387650.43440217
14654,492455530.86007285
14714,2581544.0547182523
14718,108308205.42385858
14723,183535818.8142702
14729,4077398.2997776535
14734,23087882.2464655
14737,5647423.417614375
14739,53931903.12637096
14829,11313981.958762886
14982,79486543.20987654
14983,79486543.20987654
15017,293569793.945109
15048,65171.14827900852
15059,6913250.46606514
15117,139669124.73133802
15124,10759352.357781123
15125,10759352.357781123
15127,3604496.6210957495
15139,3069111.3938443665
15156,127906.06886504003
15157,127906.06886504003
15158,127906.06886504003
15159,9737614.097388625
15160,435644897.9591837
15231,272906.5972207517
15298,112630202.39814126
15342,26146963.730969347
15343,28624858.93686772
15357,879637777.8018017
15459,120732260.7260726
15493,6913250.46606514
15494,6913250.46606514
15495,22209045.737457648
15505,410673.1782305433
15583,154028947.36842105
15614,154203.9576554017
15671,4256862.150333137
15700,26468509.740062106
15722,60464.182485975936
15742,56843416.83543656
15754,69101.04867691819
15755,69101.04867691819
15763,88598857.30650324
15829,260190498.07814738
15855,67790241.9415298
15889,971238.9804984422
15980,115573545.68534775
16042,3827.813292159203
16061,258120043.82789603
16079,6481442.01628997
16110,1695120.503401984
16125,12047.820622568091
16135,1782650.9294176707
16192,45031231.95538057
16252,4134.8740184049075
16253,4134.8740184049075
16259,1591502.9258521625
16274,40613759.55640037
16275,40613759.55640037
16280,25226915.701869156
16311,21644174.672588877
16312,41494550.26982057
16314,515358337.55593014
16322,3459141.4275769247
16368,97728642.2887139
16414,15322705.808579879
16424,25685985.819014005
16644,2624812.888052199
16645,2624812.888052199
16726,14057.253503687125
16727,14057.253503687125
16728,14057.253503687125
16774,23941821.100280374
16775,156352198.61388817
16779,135937002.29427433
16836,257575.48864692217
16849,17828488.91675931
16850,18800934.361859318
16853,223466.90791725757
16856,3586902.406290322
16857,3586902.406290322
16867,9326.488236026391
16912,45563053.892215565
16913,45563053.892215565
16916,34813977.69516728
16923,14768014.638424316
16934,22627728.513848323
16945,5764609.412923173
16946,77157161.16819674
16947,2470.2970896451993
16978,30629528.868531708
17032,22689516.76365848
17087,4507337.733773377
17090,34870.96276020546
17091,34870.96276020546
17173,349053.2934999324
17234,7637057.36703128
17298,19331369.321251217
17393,191562528.56572932
17411,15443747.953036437
17444,60464.182485975936
17462,20555730.92434782
17469,25959957.90185283
17479,367098.37510121457
17491,41374603.36822836
17492,41374603.36822836
17513,30542199.572206955
17594,5647423.417614375
17611,146542485.65219447
17619,702427.1641645068
17748,52007281.73999729
17817,223466.90791725757
17823,39071092.224556446
17825,85246321.08997796
17863,315436526.94610775
17887,47149918.6908124
17888,115844491.88239661
17915,20665878.727276206
17931,7847830.246861179
17932,15123037.482501404
17982,62201.16801242236
18044,13203273.259081386
18071,19632744.355947956
18090,19632744.355947956
18142,3952464.140554995
18144,74580.53803670827
18148,74580.53803670827
18156,7181541.76445492
18209,244187115.1829992
18230,7407952.292604856
18309,229788772.64460307
18332,10539795.918367347
18346,280182.73132407805
18367,80334.83299507225
18524,5492251.762121289
18617,53853323.69182967
18621,9625576.262816988
18705,282867207.3578595
18713,251281625.2134949
18844,5025650.747388059
18922,950881.5247055292
18942,37739850.17653675
18947,40613759.55640037
18950,1381572.9845587835
18987,37739850.17653675
18988,37739850.17653675
18989,37739850.17653675
18990,564140153.572918
18999,9919.922495010906
19000,9919.922495010906
19019,4308342.804579785
19027,25959957.90185283
19037,6976373.95416107
19097,538292927.6790365
19108,376399597.182341
19116,158024404.44679722
19126,5848378.647874073
19143,8165702.254064054
19144,17763315.731849402
19146,4117017.5270929593
19176,2311634.5197490705
19177,255900981.94638923
19194,4914105.289160644
19230,23340582.822085887
19231,560762753.4399129
19233,60697825.84820221
19238,96320599.74986765
19246,16685970.668762304
19324,8864.849473675318
19328,24281649.322216243
19369,551003.7173009748
19378,4308342.804579785
19404,20735180.296363704
19437,572623.0112209549
19477,84169485.57607718
19481,145273932.96820948
19507,88402576.30208868
19528,152462659.6186077
19551,325994599.1492879
19552,101189305.71178898
19553,84936731.6832053
19554,84936731.6832053
19558,54804307.11610486
19621,166321697.14600554
19632,3946630.3311031326
19639,14188.221731907604
19640,2135502.21931027
19724,10199.954400682616
19731,15940556.883144755
19747,408016229.31307626
19751,1462041607.3441243
19765,8594210.995748987
19766,8594210.995748987
19813,151434033.74690276
19857,114694625.45136182
19902,244464637.65684047
19934,145188644.98049155
19940,42572691.24275793
19944,44706009.19720496
19951,40646527.777777776
19952,40646527.777777776
19965,88598857.30650324
19991,5451887.209999999
20004,744312819.2175434
20011,1001727173.7800348
20033,185523143.60668477
20034,185523143.60668477
20042,13843965.896589657
20076,5534921.129360235
20110,722054.8391238947
20111,722054.8391238947
20153,187554373.17039195
20154,753002946.7949107
20157,77973734.97334868
20191,30384241.4091871
20192,98712996.03174603
20241,194137988.64369893
20277,5767370.969490146
20295,9463368.544928424
20313,14040572.016273389
20341,12673610.430950798
20344,169301665.72724023
20352,85116242.20122288
20356,212182996.99233696
20363,153929614.032085
20369,69720364.88268849
20370,69720364.88268849
20395,7361265.003140071
20416,24190419.316934027
20448,665545267.343191
20449,52888392.8205325
20450,52888392.8205325
20451,81817526.88172041
20473,15715013.54897601
20478,564719320.2322863
20492,25166518.63252425
20500,11959293.642206587
20580,17091246.12215477
20634,281076141.10154796
20644,24190419.316934027
20657,7547409.567198905
20659,551003.7173009748
20663,154203.9576554017
20664,73714136.5387293
20665,140858013.312852
20666,140858013.312852
20667,287584021.6708773
20668,287584021.6708773
20669,174861353.79002976
20692,349053.2934999324
20719,51971737.47253273
20734,108973976.47184782
20740,856682.574260355
20742,10860846.968705986
20777,419829.34402887133
20788,152665057.6572638
20877,10583860.414274763
20899,46940749.844939455
20931,48495701.858108096
20979,421405.63367346936
20986,36568260.18043478
20992,719012.3981398809
20993,3368471.52468052
21079,19185980.7171913
21106,27472750.082767077
21122,108991914.35054536
21163,1702858.9693243934
21212,188142717.79533964
21223,207337491.11429995
21234,26455240.17431953
21241,148550044.33163264
21242,148550044.33163264
21287,6913250.46606514
21288,6913250.46606514
21335,3361768.664439946
21409,262978187.977551
21444,23417317.679963496
21446,3693826.6647581984
21447,40124784.193306416
21451,79546367.53833474
21468,35943170.15401606
21469,35943170.15401606
21470,35943170.15401606
21503,36467912.77258566
21504,36467912.77258566
21518,128094488.69068323
21540,17286104.87557471
21608,3827.813292159203
21624,768772.3240589572
21632,229788772.64460307
21712,31369895.131224897
21716,25226915.701869156
21756,13616243.831934305
21777,278310699.8864299
21783,182764367.6285326
21784,97856476.7916149
21785,97856476.7916149
21786,97948.58741565452
21817,4768407.293510685
21864,652672.0185484875
21872,6931232.652863383
21897,187554373.17039195
21911,89226693.1936607
21914,25166518.63252425
21915,1145102.4476577765
21920,86927739.97510646
21925,4032336.4942050953
21926,4032336.4942050953
21927,4032336.4942050953
21928,12771456.44579197
21937,32974899.75059905
21962,81741446.2750744
21972,4254589.610422288
21987,154203.9576554017
21990,154203.9576554017
21996,154203.9576554017
22035,66445245.255758226
22107,81077247.78298603
22110,24260758.002337955
22123,220638665.32788754
22135,105158394.30452864
22146,13797510.722811855
22153,45611521.447503544
22213,282875803.7306352
22240,72670067.47638325
22253,45757894.95399385
22254,45757894.95399385
22255,45757894.95399385
22305,94116.62791845706
22306,94116.62791845706
22308,3138165.135285654
22310,1478835.4259969743
22339,2581544.0547182523
22340,2581544.0547182523
22351,44932367.34642857
22443,68869048.27596939
22456,68544058.20867895
22514,34749689.21056548
22542,58297634.00281531
22545,551003.7173009748
22546,551003.7173009748
22566,5783351.156809815
22567,5783351.156809815
22610,187554373.17039195
22611,187554373.17039195
22632,897716.5639092253
22637,108914958.92368701
22641,101883438.32241184
22656,113773886.52307077
22689,29172.04265510949
22695,169583409.78819555
22712,62391.98022526323
22746,1415053.2282310275
22747,1415053.2282310275
22763,70561086.95652173
22820,74387224.08026756
22826,1081709357.6393013
22842,76561458.36908922
22847,43282657.15004562
22858,54695.68257293209
22868,257552.50104422888
22881,179832249.9283868
22953,48595671.31016304
22954,48595671.31016304
22955,48595671.31016304
22956,48595671.31016304
22983,1441794.144553154
22997,9632946.122404763
23008,128116813.46305472
23019,160986074.59605607
23035,10260341.553247787
23084,62135514.44399296
23098,8594210.995748987
23108,5066782.582684833
23123,29799.2792500116
23164,4634361.352886414
23238,13719505.265550595
23243,249992229.9323322
23271,147860634.46717635
23272,147860634.46717635
23308,83385976.51592268
23309,63672305.88570918
23343,512371.00493911677
23359,3010981.620331421
23360,3010981.620331421
23364,160167149.47981307
23382,92260581.9359922
23397,311284921.1029411
23423,56582935.76636182
23434,221021766.36096573
23449,63392222.48873154
23493,2888009.4795918367
23501,780817.0109770331
23502,780817.0109770331
23531,3200742.5302631576
23558,1395499.8391119367
23559,1395499.8391119367
23560,1395499.8391119367
23561,1395499.8391119367
23563,1395499.8391119367
23596,8591604.35202429
23607,7722.241808574115
23616,60697825.84820221
23625,21495386.99994338
23630,272906.5972207517
23631,272906.5972207517
23632,272906.5972207517
23636,111823793.09806775
23644,668161727.5935044
23648,141870.00313597044
23682,2707324.413084922
23683,2924057.8422723794
23684,2924057.8422723794
23689,189716326.53061223
23690,189716326.53061223
23691,189716326.53061223
23700,333477.22996089404
23701,333477.22996089404
23703,4975620.646641462
23731,374087981.0447545
23732,374087981.0447545
23733,374087981.0447545
23735,122739.58528292923
23745,184839708.0259234
23746,184839708.0259234
23747,184839708.0259234
23748,184839708.0259234
23770,44706009.19720496
23787,20505638.243297067
23791,536927981.3706799
23808,6033278.358076358
23868,320595.42119604844
23889,192361195.17819938
23906,433425.580827811
23909,5592907.050998196
23910,46579046.353918254
23911,46579046.353918254
23912,19120255.099826302
23913,46579046.353918254
23920,114694625.45136182
23932,24611635.545918368
23985,1015942.5850371746
24021,31442080.767627228
24034,62201.16801242236
24049,10455208.306611888
24097,308948792.9544554
24175,115844491.88239661
24239,932616.3161249203
24245,24281649.322216243
24287,571337.9545629924
24449,16949121.906735748
24459,10652901.011118053
24510,32884364.07709016
24557,106798804.77162696
24558,106798804.77162696
24561,106798804.77162696
24785,196612392.8551518
24845,6978854.408172687
24846,6978854.408172687
24905,44273425.46619718
24931,309009012.8787879
24939,120426635.44880433
24955,133745866.60621119
25129,72670067.47638325
25345,266877.0984455958
25358,165520226.97642496
25432,152462659.6186077
25433,152462659.6186077
25434,152462659.6186077
25660,283071.91352392535
25680,3463685.0370552144
25716,352537318.79051715
25790,24749821.428074706
25836,92892.39771306435
25837,92892.39771306435
25838,2017371.3221130588
25904,17045820.507604282
25905,30371542.940659337
25954,11062614.249871075
25975,9798842.704876866
26072,5259.968513502491
26149,495370238.9346902
26194,4173713.678891336
26265,582988486.150806
26281,342533467.36801237
26282,342533467.36801237
26324,6909330.9709008215
26402,28146900.34778152
26423,273213773.01645964
26468,2885405.413960065
26469,4703445.745636464
26492,80497161.16742574
26820,797584.266144566
26947,3827504.966443452
26995,199767.77950526754
27023,9688298.009002535
27125,29172.04265510949
27128,37453908.56022944
27133,13685207.251357498
27317,81847420.25851019
27319,39449381.22081137
27349,63318186.76673386
27352,313563913.4044347
27392,71964003.5681907
27467,103494599.44892201
27551,194137988.64369893
27711,158526535.18355224
27895,1562171.012882012
27896,1562171.012882012
27900,3480119.5905882353
27901,3480119.5905882353
27904,1492149.4338472835
27993,2762361.769201115
27994,952753.1276611922
28040,8386941.1714895
28064,1245409.0762384469
28121,100263206.36489041
28190,43271.13214285714
28205,1241219.0551306563
28206,1241219.0551306563
28334,1296729.6717840126
28336,154203.9576554017
28384,254872203.06298998
28431,303984025.6626508
28473,5348623.407819087
28732,330597442.253794
28788,231927777.7768934
29018,70691299.26210956
29031,103426230.7433371
29063,43547.06198998098
29223,2758497.441132514
29248,1961285.8618652849
29303,128913.8258777371
29305,2276116.3619247884
29311,10374212.750071866
29312,10374212.750071866
29313,19013770.833832968
29564,18298137.95434313
29566,2910767.8200427485
29605,610587.6516452406
30148,283071.91352392535
30253,244464637.65684047
30257,12000003.866318233
30531,3459141.4275769247
30655,72670067.47638325
30666,4100078.048210565
30741,194802.87928713975
30997,1262070.9788752028
30998,1262070.9788752028
31076,244187115.1829992
31080,164913178.45096132
31132,2415909.6446601935
31263,5451887.209999999
31375,394947021.80541205
31604,205469343.89490622
31715,13124395.760334644
31824,46348808.65299175
31832,31291382.035199545
31835,28211256.332263034
31899,2910767.8200427485
31922,268049771.79318288
32157,14075420.233106457
32243,45199907.0643245
32245,31291382.035199545
32299,37830539.75716713
32300,2837620.885986922
32330,29172.04265510949
32414,3727454.913862121
32510,71964003.5681907
32537,11495622.787618905
32542,6987761.824383905
32554,76561458.36908922
32634,8481443.188678527
32696,343628881.05072635
32853,30384241.4091871
32874,2197454.545924784
32875,2197454.545924784
33199,14188.221731907604
33306,12909874.117138484
33617,1671341.6723710317
33681,103750259.18596557
33772,56781289.27083734
33808,13714186.310989628
33821,91389810.46027024
33822,91389810.46027024
33831,20712.808047524017
33832,90724991.63282591
33905,2837620.885986922
33916,1719252.610966057
34034,168353574.15065718
34259,1719252.610966057
34380,1381572.9845587835
34401,115844491.88239661
34447,52798820.02758465
34495,154203.9576554017
34625,1719252.610966057
34628,55186.82299159976
34705,2457231.1900621117
34725,108991914.35054536
34981,257994404.18933535
34982,130566284.6623105
35018,27736.032166049084
35019,27736.032166049084
35020,850710.8261866213
35050,80497161.16742574
35124,1950976.429854129
35304,299963290.0637383
35442,5969627.121409921
35562,7999.300342689294
35709,15816263.012786776
35846,9857887.013483176
36003,291995.34445668134
36081,136895155.3729317
36212,8812362.997287579
36242,2386.1069686411147
36390,82619166.110464
36452,120843099.50148225
36614,733045.7239987004
37041,1733287.9727615041
37145,87669.41779028115
37334,1067365.0822836661
37336,236344721.77230132
37343,535298.5932341437
37432,950881.5247055292
37434,266877.0984455958
37498,26218611.351684086
37580,13124395.760334644
37765,7528929.004591532
37812,17091246.12215477
37816,428273.49555926624
37833,4768407.293510685
37892,1028267.3107393242
38005,262978187.977551
38091,850629.4099409448
38100,1367422.3279739777
38181,37453908.56022944
38303,1028267.3107393242
38591,24190419.316934027
38592,24190419.316934027
38616,101489.6408831785
38617,101489.6408831785
38618,101489.6408831785
38619,101489.6408831785
38656,4308342.804579785
38944,64509846.52313575
39004,428273.49555926624
39074,283071.91352392535
39121,287802334.75543475
39125,79095945.94594595
39126,2415909.6446601935
39250,29857206.150775976
39288,14411860.110460121
39443,202049509.69744778
39517,46092.025188395506
39644,4298131.527415143
39649,72823458.62834734
39708,551003.7173009748
40106,251180715.2884392
40107,257552.50104422888
40112,141148545.16218486
40268,40490459.99083521
40271,340613.96470588236
40309,19185980.7171913
40605,34796186.23471774
40796,71387.08162879845
40797,71387.08162879845
40798,71387.08162879845
40799,71387.08162879845
40822,254872203.06298998
40890,1000489439.9547408
40996,464053.8768098159
40997,464053.8768098159
41047,1413228.9626736112
41051,79401899.19075729
41077,9513081.692025067
41115,46233228.58502043
41251,8564176.630463537
41252,16285624.445525289
41258,29172.04265510949
41359,128942847.03931184
41470,4379520.246478873
41517,2009885.5002407746
41624,148474836.41816315
41648,733045.7239987004
41649,733045.7239987004
41659,4086972.490073206
41660,4086972.490073206
41706,349053.2934999324
41810,75983189.16771472
41967,44914846.188322164
42119,53746661.13936974
42171,356393.3999633344
42209,199707781.29555318
42226,20404072.34712595
42344,410673.1782305433
42345,410673.1782305433
42590,275678.1518864896
42591,275678.1518864896
42592,275678.1518864896
43155,529725.6079471279
43313,60464.182485975936
43717,127509788.38029459
43910,312020061.57940805
44091,1395499.8391119367
44113,71964003.5681907
44171,19218740.293380324
44223,6710546.832006455
44224,1390048.2033784469
44225,702118.2125551773
44226,1390048.2033784469
44640,557903.3907115905
44783,267967046.6301573
44803,158290400.24285713
44804,158290400.24285713
44811,551003.7173009748
44992,2707324.413084922
44993,2707324.413084922
44995,2707324.413084922
44996,2707324.413084922
44997,2707324.413084922
45300,16949121.906735748
45441,628774.8758710801
45443,3693826.6647581984
45518,20114242.785460122
45778,274587545.1832557
46051,19224195.045504525
46052,19224195.045504525
46108,87519748.4690988
46195,44706009.19720496
46221,220985508.00503692
46222,176920206.16314405
46344,2447883.4884206615
46353,4808951.653381582
46354,4808951.653381582
46421,17091246.12215477
46458,243048098.62515527
46625,101552575.63328278
46961,32958448.138896655
47122,289935640.19690216
47154,68232406.86792587
47169,61344925.86705227
47261,10006.125915941568
47287,4571970.410741038
47354,165109047.26209787
47380,15258877.128697183
47396,19885964.148267116
47502,390402586.97137994
47635,200705385.8611607
47729,72823458.62834734
47843,7999.300342689294
48129,20712.808047524017
48244,17140565.355184678
48471,23444393.221431423
48638,152669244.6490762
48663,1591502.9258521625
48772,145512007.4451421
48785,170888393.7722718
48788,170888393.7722718
49055,221281.27956880236
49096,133454.69044414535
49123,75368782.94793849
49152,36574210.10135121
49153,2180125.9277021084
49241,47114794.922525145
49243,79495541.86769366
49244,79495541.86769366
49301,93890740.68672995
49325,122598367.55945626
49389,529725.6079471279
49512,124004142.08861068
49607,27360929.20963475
49945,1248100.58926399
49968,152209469.57372075
49983,7648319.007216455
50079,13989054.591616077
50102,182764367.6285326
50340,3367134.6259124083
50449,181896.11430825636
50481,30527842.71812905
50482,30527842.71812905
50484,181896.11430825636
50485,181896.11430825636
50500,11203.482148437335
50630,173601698.56129882
50800,7720122.01781874
50813,5969627.121409921
50830,136045085.26957026
50915,7181541.76445492
51164,63527560.3792806
51274,65884.44506075875
51560,36568260.18043478
51570,45457066.75449049
51696,1591502.9258521625
51771,40522075.64084171
51772,40522075.64084171
51850,81817526.88172041
52053,707921.180442753
52145,92932549.51055023
52197,39433782.483156875
52337,60383071.72207746
52377,61398.75593488104
52412,1695120.503401984
52660,658056719.3723024
52944,111760669.52267079
52949,7748858.359052408
53005,186526135.30583656
53006,186526135.30583656
53007,194146224.7928571
53008,194146224.7928571
53009,94532158.2273335
53010,44706009.19720496
53011,44706009.19720496
53061,138094944.7125763
53062,138094944.7125763
53063,182764367.6285326
53238,111189190.11684267
53252,27360929.20963475
53303,1016021.136121042
53413,111823793.09806775
53414,111823793.09806775
53416,111823793.09806775
53458,26146963.730969347
53473,69319887.60800333
53490,229788772.64460307
53491,229788772.64460307
53592,7648319.007216455
53626,266415800.5814187
53638,128906575.13992667
53673,80343284.69591226
53732,26468509.740062106
53733,26468509.740062106
53904,10247231.939650608
53905,10247231.939650608
53906,10247231.939650608
53997,56872229.08069106
54052,8313755.391764705
54211,59156532.30430825
54280,73553102.52764976
54281,73553102.52764976
54285,4042819.7857142854
54392,390402586.97137994
54454,113745101.07463531
54502,120844135.16343586
54512,50433726.81165674
54850,955995243.3089812
55015,28733257.004347503
55143,10199.954400682616
55144,10199.954400682616
55265,79160250.54253493
55405,160986074.59605607
55424,3010981.620331421
55497,7830347.743073281
55527,466681204.5889101
55528,278069822.1335294
55535,43271.13214285714
55536,43271.13214285714
55537,43271.13214285714
55570,34919.75704274377
55571,34919.75704274377
55852,244311621.3021739
56050,5582742.80501339
56302,237352.71768642444
56303,237352.71768642444
56674,1438317.9889094757
56735,3459141.4275769247
56736,3459141.4275769247
56804,275924.1577537321
56832,5866982.41665868
56980,129424261.18189962
57031,99628740.39353018
57206,13715418.83784722
57416,856682.574260355
57417,856682.574260355
57719,11291281.69610615
57736,973854.655225125
57751,20753777.279221807
57977,95057025.29683746
57986,4530613.296088709
57987,4530613.296088709
58262,160947341.3696739
58333,352674300.23156214
58334,352674300.23156214
58445,22209045.737457648
58546,14534215.334734008
58572,470370.79940437333
59030,1607259.5758110175
59043,2745881.368645035
59150,180425726.92248464
59387,185211398.3385158
59388,185211398.3385158
59391,6769167.22941366
59897,257552.50104422888
59914,13616243.831934305
60000,70129.0165073295
60022,131741405.74790418
60111,572623.0112209549
60229,7085472.639248862
60255,30748454.328444794
60378,299378643.409949
60473,1413228.9626736112
60536,7918445.261767617
60682,456569247.53212434
60746,75578752.76601858
60747,113773886.52307077
60832,351100312.7252252
60843,9312618.309399478
60892,3010981.620331421
61337,30086303.91266871
61791,181816187.20117664
61896,54139561.314941265
61901,5386727.619965251
62230,14534215.334734008
62693,251180715.2884392
63095,1043969.1656682026
63105,53817526.875708714
63571,115844491.88239661
63631,113400.50498527124
63751,4297333.557452276
63902,44914846.188322164
64359,2910767.8200427485
64683,44568.270200924075
64893,71964003.5681907
64894,71964003.5681907
65129,161053.12396815495
65272,7763619.841090519
65327,747965.8823162728
65507,56084283.53504645
65514,25226915.701869156
65515,25226915.701869156
65559,273213773.01645964
65873,558985.8668874049
65927,3459141.4275769247
66002,5028105.717676486
66044,2085087.3743849644
66326,20995198.53182065
67412,5969627.121409921
67480,1046702.4834414707
67989,10548206.459767072
68062,12792807.36436208
68063,53817526.875708714
68064,53817526.875708714
69110,65295683.33828375
69111,65295683.33828375
69434,1087406505.4274378
69462,1673685.6202071935
69542,72823458.62834734
69626,10445302.740599105
69627,24758197.482577775
69701,23340582.822085887
69815,451861.31771255744
69903,22612713.934331223
69934,128815689.65517241
69989,4077398.2997776535
70098,129767.74887455329
70569,1145102.4476577765
70969,3638216.074705882
70993,165108196.3222258
71042,43996.80374489712
71265,19331369.321251217
71510,173601698.56129882
71833,84532.75844278531
71834,84532.75844278531
71888,7999.300342689294
71966,3632466.9241730445
71975,229943214.28571424
72153,5647423.417614375
72251,1374610.5993873854
72299,2751148.6320601474
72389,150936985.35578015
72441,121532839.33026585
72565,12097506.769529453
72595,19331369.321251217
72596,19331369.321251217
72597,19331369.321251217
72598,19331369.321251217
72599,19331369.321251217
72682,19218740.293380324
72683,19218740.293380324
72725,160676937.01187116
72749,55186.82299159976
72917,3869072.328898675
73045,250888797.77166915
73046,250888797.77166915
73204,1374610.5993873854
73492,10455208.306611888
73494,13733.997119378007
73567,14777013.732745292
73568,14777013.732745292
73685,122739.58528292923
73777,3048400.6716470765
73892,29172.04265510949
73893,29172.04265510949
73894,29172.04265510949
73925,1673685.6202071935
73926,1673685.6202071935
73927,1673685.6202071935
73950,297415210.61320984
73953,75600753.96868919
73954,106482541.57981367
73956,200705385.8611607
74624,30865040.500689723
74695,10058601.1342155
74791,2046539.7940359404
74795,250888797.77166915
75017,243262537.33025393
75411,25130436.525523048
75412,25130436.525523048
75413,25130436.525523048
75712,2028204.4652941173
75713,2028204.4652941173
75937,12000003.866318233
75983,306700.1977073374
75984,306700.1977073374
76043,849577609.2839668
76067,536927981.3706799
76068,582988486.150806
76445,306700.1977073374
76446,306700.1977073374
76530,11934396.134124087
76634,49100412.742232636
76714,302734008.2302099
76907,390402586.97137994
76991,122739.58528292923
76992,733045.7239987004
76994,306700.1977073374
77154,1695120.503401984
77155,1695120.503401984
77208,299503961.2862958
77393,2447883.4884206615
77394,2447883.4884206615
77395,2447883.4884206615
77396,2447883.4884206615
77442,6481442.01628997
77443,6481442.01628997
77594,5848378.647874073
77739,63527560.3792806
77845,658056719.3723024
77848,306700.1977073374
77849,306700.1977073374
77850,306700.1977073374
78070,10548206.459767072
78217,63527560.3792806
78322,10058601.1342155
78555,1381572.9845587835
78597,4117017.5270929593
78685,625013404.7318201
78701,208159.72941176468
78727,100844.75229889127
78875,9688298.009002535
79028,666834675.4391121
79029,666834675.4391121
79030,666834675.4391121
79031,120452555.82771525
79036,200705385.8611607
79209,450024096.6538649
79268,1695120.503401984
79343,1591502.9258521625
79415,258532646.3958333
79436,20613.285341677532
79566,197976108.7325786
79577,65171.14827900852
79791,76561458.36908922
79792,76561458.36908922
79963,10455208.306611888
79986,28664193.21263546
80277,6527620.817843866
80461,312098653.11401886
80468,13989054.591616077
80469,13989054.591616077
80500,129767.74887455329
80510,208727514.5009935
80711,32083680.901650406
80996,20613.285341677532
81017,9886993.243243242
81128,61959513.76461956
81129,68232406.86792587
81130,68232406.86792587
81140,22836224.489795916
81321,5451887.209999999
81442,348651.68161761947
81528,1124218.4643364567
81620,979711858.3419752
81865,25492595.818815332
82322,2291418.933350979
82423,733045.7239987004
82962,275924.1577537321
82963,275924.1577537321
82964,275924.1577537321
83024,281304939.7730274
83099,2928985.0624565114
83338,13714186.310989628
83397,152209469.57372075
83484,158887.17400676245
83485,158887.17400676245
83744,7830347.743073281
83838,979711858.3419752
83867,65884.44506075875
83868,65884.44506075875
83869,65884.44506075875
84212,34461.99031737493
84251,5451887.209999999
84497,1296729.6717840126
84498,1296729.6717840126
84788,1717923.3703189106
84789,1717923.3703189106
84790,1717923.3703189106
84803,45192498.48567355
84804,45192498.48567355
84815,1367422.3279739777
84865,1145102.4476577765
84889,16547027.672049688
84890,16547027.672049688
84988,5866982.41665868
85389,320691.75065727247
85885,3976543.664178105
86061,10058601.1342155
86089,4703445.745636464
86096,7528929.004591532
86128,191562528.56572932
86352,1859830334.7472966
86655,1063898690.6887269
86900,148506341.9413392
87260,7999.300342689294
87385,122373532.02846973
87390,25371475.29708162
87394,14524690.405774275
87502,9632946.122404763
87503,9632946.122404763
87504,9632946.122404763
87847,8975412.668714797
87848,8975412.668714797
87849,8975412.668714797
87850,8975412.668714797
87851,8975412.668714797
87852,8975412.668714797
87857,1859830334.7472966
87858,1859830334.7472966
88016,1254198475.5456922
88044,2197454.545924784
88418,1145102.4476577765
88419,1145102.4476577765
88420,1145102.4476577765
88421,1145102.4476577765
88533,5112767.283361307
88548,3946630.3311031326
88934,301387669.0345545
89129,5445739.422736897
89134,28078854.20559006
89135,28078854.20559006
89144,46373504.494299926
89194,470370.79940437333
89251,13008.01805712301
89252,13008.01805712301
89253,13008.01805712301
89313,47345636.20531004
89314,47345636.20531004
89818,14534215.334734008
90198,3855803.731620327
90199,3855803.731620327
90333,9312618.309399478
90511,6503390.350373832
90512,22459594.704149798
90663,577275848.0436902
90896,139618368.10374087
90897,139618368.10374087
91253,95057025.29683746
91526,651127.5122448979
91797,61636408.20292741
92199,154203.9576554017
92231,154203.9576554017
92232,154203.9576554017
92233,154203.9576554017
93047,3048400.6716470765
93065,287709.760892624
93091,5445739.422736897
93092,5445739.422736897
93408,708603792.7399989
93494,4173713.678891336
93495,4173713.678891336
93496,4173713.678891336
93497,4173713.678891336
93521,22689516.76365848
93522,22689516.76365848
93528,175323140.27967387
93530,3346161.739441469
93580,120135621.1180124
94198,4507337.733773377
94199,4507337.733773377
94200,4507337.733773377
94201,4507337.733773377
94930,157138.45731364636
95293,3827504.966443452
95294,3827504.966443452
95295,3827504.966443452
95296,3827504.966443452
95342,127622813.06474653
95406,4308342.804579785
95593,122665591.2892361
95595,17570169.60021175
